-- phpMyAdmin SQL Dump
-- version 3.1.4
-- http://www.phpmyadmin.net
--
-- Servidor: localhost
-- Tempo de Geração: Mar 18, 2011 as 02:47 PM
-- Versão do Servidor: 5.0.51
-- Versão do PHP: 5.2.6-1+lenny9

SET SQL_MODE="NO_AUTO_VALUE_ON_ZERO";


/*!40101 SET @OLD_CHARACTER_SET_CLIENT=@@CHARACTER_SET_CLIENT */;
/*!40101 SET @OLD_CHARACTER_SET_RESULTS=@@CHARACTER_SET_RESULTS */;
/*!40101 SET @OLD_COLLATION_CONNECTION=@@COLLATION_CONNECTION */;
/*!40101 SET NAMES utf8 */;

INSERT INTO `acoes_redes` (`id_acao`, `id_local`, `id_ip_rede`, `dt_hr_coleta_forcada`, `cs_situacao`, `dt_hr_alteracao`) VALUES
('cs_auto_update', 1, '10.75.10.0', NULL, 'S', NULL),
('cs_coleta_compart', 1, '10.75.10.0', '2011-03-18 10:39:52', 'S', NULL),
('cs_coleta_hardware', 1, '10.75.10.0', '2011-03-18 10:39:52', 'S', NULL),
('cs_coleta_monitorado', 1, '10.75.10.0', '2011-03-18 10:39:52', 'S', NULL),
('cs_coleta_officescan', 1, '10.75.10.0', '2011-03-18 10:39:52', 'S', NULL),
('cs_coleta_software', 1, '10.75.10.0', '2011-03-18 10:39:52', 'S', NULL),
('cs_coleta_unid_disc', 1, '10.75.10.0', '2011-03-18 10:39:52', 'S', NULL),
('cs_suporte_remoto', 1, '10.75.10.0', NULL, 'S', NULL);


INSERT INTO `acoes_so` (`id_local`, `id_acao`, `id_so`) VALUES
(1, 'cs_auto_update', 20),
(1, 'cs_auto_update', 21),
(1, 'cs_auto_update', 22),
(1, 'cs_auto_update', 27),
(1, 'cs_auto_update', 28),
(1, 'cs_auto_update', 29),
(1, 'cs_auto_update', 31),
(1, 'cs_auto_update', 32),
(1, 'cs_auto_update', 33),
(1, 'cs_auto_update', 34),
(1, 'cs_auto_update', 35),
(1, 'cs_auto_update', 36),
(1, 'cs_auto_update', 37),
(1, 'cs_auto_update', 38),
(1, 'cs_auto_update', 39),
(1, 'cs_auto_update', 40),
(1, 'cs_auto_update', 41),
(1, 'cs_auto_update', 42),
(1, 'cs_auto_update', 43),
(1, 'cs_auto_update', 44),
(1, 'cs_auto_update', 45),
(1, 'cs_auto_update', 46),
(1, 'cs_coleta_compart', 20),
(1, 'cs_coleta_compart', 21),
(1, 'cs_coleta_compart', 22),
(1, 'cs_coleta_compart', 27),
(1, 'cs_coleta_compart', 28),
(1, 'cs_coleta_compart', 29),
(1, 'cs_coleta_compart', 31),
(1, 'cs_coleta_compart', 32),
(1, 'cs_coleta_compart', 33),
(1, 'cs_coleta_compart', 34),
(1, 'cs_coleta_compart', 35),
(1, 'cs_coleta_compart', 36),
(1, 'cs_coleta_compart', 37),
(1, 'cs_coleta_compart', 38),
(1, 'cs_coleta_compart', 39),
(1, 'cs_coleta_compart', 40),
(1, 'cs_coleta_compart', 41),
(1, 'cs_coleta_compart', 42),
(1, 'cs_coleta_compart', 43),
(1, 'cs_coleta_compart', 44),
(1, 'cs_coleta_compart', 45),
(1, 'cs_coleta_compart', 46),
(1, 'cs_coleta_hardware', 20),
(1, 'cs_coleta_hardware', 21),
(1, 'cs_coleta_hardware', 22),
(1, 'cs_coleta_hardware', 27),
(1, 'cs_coleta_hardware', 28),
(1, 'cs_coleta_hardware', 29),
(1, 'cs_coleta_hardware', 31),
(1, 'cs_coleta_hardware', 32),
(1, 'cs_coleta_hardware', 33),
(1, 'cs_coleta_hardware', 34),
(1, 'cs_coleta_hardware', 35),
(1, 'cs_coleta_hardware', 36),
(1, 'cs_coleta_hardware', 37),
(1, 'cs_coleta_hardware', 38),
(1, 'cs_coleta_hardware', 39),
(1, 'cs_coleta_hardware', 40),
(1, 'cs_coleta_hardware', 41),
(1, 'cs_coleta_hardware', 42),
(1, 'cs_coleta_hardware', 43),
(1, 'cs_coleta_hardware', 44),
(1, 'cs_coleta_hardware', 45),
(1, 'cs_coleta_hardware', 46),
(1, 'cs_coleta_monitorado', 20),
(1, 'cs_coleta_monitorado', 21),
(1, 'cs_coleta_monitorado', 22),
(1, 'cs_coleta_monitorado', 27),
(1, 'cs_coleta_monitorado', 28),
(1, 'cs_coleta_monitorado', 29),
(1, 'cs_coleta_monitorado', 31),
(1, 'cs_coleta_monitorado', 32),
(1, 'cs_coleta_monitorado', 33),
(1, 'cs_coleta_monitorado', 34),
(1, 'cs_coleta_monitorado', 35),
(1, 'cs_coleta_monitorado', 36),
(1, 'cs_coleta_monitorado', 37),
(1, 'cs_coleta_monitorado', 38),
(1, 'cs_coleta_monitorado', 39),
(1, 'cs_coleta_monitorado', 40),
(1, 'cs_coleta_monitorado', 41),
(1, 'cs_coleta_monitorado', 42),
(1, 'cs_coleta_monitorado', 43),
(1, 'cs_coleta_monitorado', 44),
(1, 'cs_coleta_monitorado', 45),
(1, 'cs_coleta_monitorado', 46),
(1, 'cs_coleta_officescan', 20),
(1, 'cs_coleta_officescan', 21),
(1, 'cs_coleta_officescan', 22),
(1, 'cs_coleta_officescan', 27),
(1, 'cs_coleta_officescan', 28),
(1, 'cs_coleta_officescan', 29),
(1, 'cs_coleta_officescan', 31),
(1, 'cs_coleta_officescan', 32),
(1, 'cs_coleta_officescan', 33),
(1, 'cs_coleta_officescan', 34),
(1, 'cs_coleta_officescan', 35),
(1, 'cs_coleta_officescan', 36),
(1, 'cs_coleta_officescan', 37),
(1, 'cs_coleta_officescan', 38),
(1, 'cs_coleta_officescan', 39),
(1, 'cs_coleta_officescan', 40),
(1, 'cs_coleta_officescan', 41),
(1, 'cs_coleta_officescan', 42),
(1, 'cs_coleta_officescan', 43),
(1, 'cs_coleta_officescan', 44),
(1, 'cs_coleta_officescan', 45),
(1, 'cs_coleta_officescan', 46),
(1, 'cs_coleta_software', 20),
(1, 'cs_coleta_software', 21),
(1, 'cs_coleta_software', 22),
(1, 'cs_coleta_software', 27),
(1, 'cs_coleta_software', 28),
(1, 'cs_coleta_software', 29),
(1, 'cs_coleta_software', 31),
(1, 'cs_coleta_software', 32),
(1, 'cs_coleta_software', 33),
(1, 'cs_coleta_software', 34),
(1, 'cs_coleta_software', 35),
(1, 'cs_coleta_software', 36),
(1, 'cs_coleta_software', 37),
(1, 'cs_coleta_software', 38),
(1, 'cs_coleta_software', 39),
(1, 'cs_coleta_software', 40),
(1, 'cs_coleta_software', 41),
(1, 'cs_coleta_software', 42),
(1, 'cs_coleta_software', 43),
(1, 'cs_coleta_software', 44),
(1, 'cs_coleta_software', 45),
(1, 'cs_coleta_software', 46),
(1, 'cs_coleta_unid_disc', 20),
(1, 'cs_coleta_unid_disc', 21),
(1, 'cs_coleta_unid_disc', 22),
(1, 'cs_coleta_unid_disc', 27),
(1, 'cs_coleta_unid_disc', 28),
(1, 'cs_coleta_unid_disc', 29),
(1, 'cs_coleta_unid_disc', 31),
(1, 'cs_coleta_unid_disc', 32),
(1, 'cs_coleta_unid_disc', 33),
(1, 'cs_coleta_unid_disc', 34),
(1, 'cs_coleta_unid_disc', 35),
(1, 'cs_coleta_unid_disc', 36),
(1, 'cs_coleta_unid_disc', 37),
(1, 'cs_coleta_unid_disc', 38),
(1, 'cs_coleta_unid_disc', 39),
(1, 'cs_coleta_unid_disc', 40),
(1, 'cs_coleta_unid_disc', 41),
(1, 'cs_coleta_unid_disc', 42),
(1, 'cs_coleta_unid_disc', 43),
(1, 'cs_coleta_unid_disc', 44),
(1, 'cs_coleta_unid_disc', 45),
(1, 'cs_coleta_unid_disc', 46),
(1, 'cs_suporte_remoto', 20),
(1, 'cs_suporte_remoto', 21),
(1, 'cs_suporte_remoto', 22),
(1, 'cs_suporte_remoto', 27),
(1, 'cs_suporte_remoto', 28),
(1, 'cs_suporte_remoto', 29),
(1, 'cs_suporte_remoto', 31),
(1, 'cs_suporte_remoto', 32),
(1, 'cs_suporte_remoto', 33),
(1, 'cs_suporte_remoto', 34),
(1, 'cs_suporte_remoto', 35),
(1, 'cs_suporte_remoto', 36),
(1, 'cs_suporte_remoto', 37),
(1, 'cs_suporte_remoto', 38),
(1, 'cs_suporte_remoto', 39),
(1, 'cs_suporte_remoto', 40),
(1, 'cs_suporte_remoto', 41),
(1, 'cs_suporte_remoto', 42),
(1, 'cs_suporte_remoto', 43),
(1, 'cs_suporte_remoto', 44),
(1, 'cs_suporte_remoto', 45),
(1, 'cs_suporte_remoto', 46);


INSERT INTO `compartilhamentos` (`nm_compartilhamento`, `id_so`, `te_node_address`, `nm_dir_compart`, `in_senha_escrita`, `in_senha_leitura`, `cs_tipo_permissao`, `cs_tipo_compart`, `te_comentario`) VALUES
('CutePDF Writer', 45, '00-1D-7D-88-5B-99', 'CutePDF Writer,LocalsplOnly', '', '', '', 'I', 'CutePDF Writer ShareName=CutePDF Writer'),
('F', 45, '00-1D-7D-88-5B-99', 'F:\\', '', '', '', 'D', 'ags=0 MaxUses=4294967295 Path=F:\\ Permissions=9 Sh'),
('print$', 45, '00-1D-7D-88-5B-99', 'C:\\Windows\\system32\\spool\\drivers', '', '', '', 'D', 'Drivers de impressora ShareName=print$');


INSERT INTO `componentes_estacoes` (`te_node_address`, `id_so`, `cs_tipo_componente`, `te_valor`) VALUES
('00-1D-7D-88-5B-99', 45, 'CDROM', 'te_cdrom_desc###HL-DT-ST DVDRRW GWA-4161B ATA Device'),
('00-1D-7D-88-5B-99', 45, 'CDROM', 'te_cdrom_desc###TSSTcorp CDDVDW SH-S223B ATA Device'),
('00-1D-7D-88-5B-99', 45, 'CPU', 'te_cpu_desc###AMD Athlon(tm) 64 X2 Dual Core Processor 5600+#FIELD#te_cpu_fabricante###AMD#FIELD#te_cpu_serial###0004-0F33-178B-FBFF-0000-2001'),
('00-1D-7D-88-5B-99', 45, 'TCPIP', 'te_placa_rede_desc###NIC Gigabit Ethernet PCI Realtek Família RTL8169/8110 (NDIS 6.20)#FIELD#te_node_address###00:1D:7D:88:5B:99#FIELD#te_ip###10.71.0.58#FIELD#te_mascara###255.255.255.0#FIELD#te_gateway###10.71.0.250#FIELD#te_serv_dhcp###10.71.10.210#FIELD#te_wins_primario###10.0.134.223#FIELD#te_wins_secundario###10.70.1.220');


INSERT INTO `computadores` (`te_node_address`, `id_so`, `te_so`, `te_nome_computador`, `id_ip_rede`, `te_dominio_windows`, `te_dominio_dns`, `te_placa_video_desc`, `te_ip`, `te_mascara`, `te_nome_host`, `te_placa_rede_desc`, `dt_hr_inclusao`, `te_gateway`, `te_wins_primario`, `te_cpu_desc`, `te_wins_secundario`, `te_dns_primario`, `qt_placa_video_mem`, `te_dns_secundario`, `te_placa_mae_desc`, `te_serv_dhcp`, `qt_mem_ram`, `te_cpu_serial`, `te_cpu_fabricante`, `te_cpu_freq`, `te_mem_ram_desc`, `te_bios_desc`, `te_bios_data`, `dt_hr_ult_acesso`, `te_versao_cacic`, `te_versao_gercols`, `te_bios_fabricante`, `te_palavra_chave`, `te_placa_mae_fabricante`, `qt_placa_video_cores`, `te_placa_video_resolucao`, `te_placa_som_desc`, `te_cdrom_desc`, `te_teclado_desc`, `te_mouse_desc`, `te_modem_desc`, `te_workgroup`, `dt_hr_coleta_forcada_estacao`, `te_nomes_curtos_modulos`, `te_origem_mac`, `id_conta`) VALUES
('00-1D-7D-88-5B-99', 45, '2.6.1.1.256.32', 'PC', '10.75.10.0', 'suporte@PC', '', 'ATI Radeon X1200 Series', '10.71.0.58', '255.255.255.0', 'PC', NULL, '2011-03-18 10:34:42', '10.71.0.250', '10.0.134.223', NULL, '10.70.1.220', '10.0.134.233', 128, '10.70.1.220', 'SM 3221', '10.71.10.210', 1964, NULL, NULL, NULL, 'Slot 0: 1024MB (DIMM) - Slot 1: 1024MB (DIMM)', 'F4', '09/21/2007', '2011-03-18 14:24:10', '2.6.0.2', '2.6.0.2', 'Itautec SM 3221, LTD 6.00 PG, -SL2', 'zt82RLewYrlBU', 'Itautec Philco S.A.', 32, '1280x1024', '', NULL, '@keyboard.inf,%*pnp0303.devicedesc%;Teclado Padrão PS/2', '@msmouse.inf,%*pnp0f13.devicedesc%;Mouse compatível com PS/2', '', 'suporte@PC', NULL, NULL, '', NULL);


INSERT INTO `configuracoes_locais` (`id_local`, `te_notificar_mudanca_hardware`, `te_notificar_utilizacao_usb`, `in_exibe_erros_criticos`, `in_exibe_bandeja`, `nu_exec_apos`, `dt_hr_alteracao_patrim_interface`, `dt_hr_alteracao_patrim_uon1`, `dt_hr_alteracao_patrim_uon1a`, `dt_hr_alteracao_patrim_uon2`, `dt_hr_coleta_forcada`, `te_notificar_mudanca_patrim`, `nm_organizacao`, `nu_timeout_srcacic`, `nu_intervalo_exec`, `nu_intervalo_renovacao_patrim`, `te_senha_adm_agente`, `te_serv_updates_padrao`, `te_serv_cacic_padrao`, `te_enderecos_mac_invalidos`, `te_janelas_excecao`, `te_nota_email_gerentes`, `cs_abre_janela_patr`, `id_default_body_bgcolor`, `te_exibe_graficos`, `nu_porta_srcacic`, `te_usb_filter`) VALUES
(1, NULL, NULL, 'N', 'S', 10, NULL, '2011-03-18 14:43:16', '2011-03-18 14:43:30', '2011-03-18 14:43:07', NULL, NULL, NULL, 30, 4, 0, 'ADMINCACIC', NULL, NULL, '', '', NULL, 'N', '#EBEBEB', '[acessos_locais][so][acessos][locais]', '5900', '');


INSERT INTO `configuracoes_padrao` (`in_exibe_erros_criticos`, `in_exibe_bandeja`, `nu_exec_apos`, `nu_rel_maxlinhas`, `nm_organizacao`, `nu_timeout_srcacic`, `nu_intervalo_exec`, `nu_intervalo_renovacao_patrim`, `te_senha_adm_agente`, `te_serv_updates_padrao`, `te_serv_cacic_padrao`, `te_enderecos_mac_invalidos`, `te_janelas_excecao`, `cs_abre_janela_patr`, `id_default_body_bgcolor`, `te_exibe_graficos`, `nu_porta_srcacic`, `nu_resolucao_grafico_h`, `nu_resolucao_grafico_w`) VALUES
('N', 'S', 10, 50, 'Empresa Demonstração', 30, 4, 0, '5a584f8a61b65baf', '10.71.0.204', '10.71.0.204/cacic26b2', '00-00-00-00-00-00,44-45-53-54-00-00,44-45-53-54-00-01,00-53-45-00-00-00,00-50-56-C0-00-01,00-50-56-C0-00-08', 'openoffice.org, microsoft word, photoshop, hod, aor.exe, pc2003.exe, cpp.exe, sal.exe, sal.bat, girafa4.exe, dro.exe, plenus', 'N', '#EBEBEB', '[so][acessos][acessos_locais][locais]', '5900', 0, 0);


INSERT INTO `locais` (`id_local`, `nm_local`, `sg_local`, `te_observacao`) VALUES
(1, 'Unidade de Desenvolvimento de Software Livre', 'UDSL', '');


INSERT INTO `officescan` (`nu_versao_engine`, `nu_versao_pattern`, `dt_hr_instalacao`, `dt_hr_coleta`, `te_servidor`, `in_ativo`, `te_node_address`, `id_so`) VALUES
('', '', '0000-00-00 00:00:00', '2011-03-18 14:24:19', '', '0', '00-1D-7D-88-5B-99', 45);


INSERT INTO `redes` (`id_local`, `id_servidor_autenticacao`, `id_ip_rede`, `nm_rede`, `te_observacao`, `nm_pessoa_contato1`, `nm_pessoa_contato2`, `nu_telefone1`, `te_email_contato2`, `nu_telefone2`, `te_email_contato1`, `te_serv_cacic`, `te_serv_updates`, `te_path_serv_updates`, `nm_usuario_login_serv_updates`, `te_senha_login_serv_updates`, `nu_porta_serv_updates`, `te_mascara_rede`, `dt_verifica_updates`, `nm_usuario_login_serv_updates_gerente`, `te_senha_login_serv_updates_gerente`, `nu_limite_ftp`, `cs_permitir_desativar_srcacic`) VALUES
(1, 0, '10.75.10.0', 'Rede URES-UDSL', '', '', '', '', '', '', '', '10.71.0.204/cacic26b2', '10.71.0.204', 'agentes', 'cacic26b2', 'cacic26b2', '21', '255.255.255.0', '2011-03-18', 'cacic26b2', 'cacic26b2', 100, 'S');


INSERT INTO `redes_versoes_modulos` (`id_local`, `id_ip_rede`, `nm_modulo`, `te_versao_modulo`, `dt_atualizacao`, `cs_tipo_so`, `te_hash`) VALUES
(1, '10.75.10.0', 'cacic26beta2.exe', '26020103', '2011-03-18 10:34:19', 'MS-Windows', ''),
(1, '10.75.10.0', 'cacicservice.exe', '26020103', '2011-03-18 10:34:19', 'MS-Windows', ''),
(1, '10.75.10.0', 'chksis.exe', '26020103', '2011-03-18 10:34:20', 'MS-Windows', ''),
(1, '10.75.10.0', 'col_anvi.exe', '26020103', '2011-03-18 10:34:21', 'MS-Windows', ''),
(1, '10.75.10.0', 'col_comp.exe', '26020103', '2011-03-18 10:34:21', 'MS-Windows', ''),
(1, '10.75.10.0', 'col_hard.exe', '26020103', '2011-03-18 10:34:22', 'MS-Windows', ''),
(1, '10.75.10.0', 'col_moni.exe', '26020103', '2011-03-18 10:34:23', 'MS-Windows', ''),
(1, '10.75.10.0', 'col_soft.exe', '26020103', '2011-03-18 10:34:23', 'MS-Windows', ''),
(1, '10.75.10.0', 'col_undi.exe', '26020103', '2011-03-18 10:34:24', 'MS-Windows', ''),
(1, '10.75.10.0', 'ger_cols.exe', '26020103', '2011-03-18 10:34:24', 'MS-Windows', ''),
(1, '10.75.10.0', 'index.php', '201007281852', '2011-03-18 13:03:51', 'GNU/LINUX', '0e4de3b8aa7b075bce7df44ae95c8fa5'),
(1, '10.75.10.0', 'srcacicsrv.exe', '26020103', '2011-03-18 10:34:27', 'MS-Windows', ''),
(1, '10.75.10.0', 'vaca_repositorio.exe', '201007281852', '2011-03-18 10:34:27', 'MS-Windows', ''),
(1, '10.75.10.0', 'versoes_agentes.ini', '201103171619', '2011-03-18 10:34:28', 'MS-Windows', ''),
(1, '10.75.10.0', 'wscript.exe', '56088250103', '2011-03-18 10:34:29', 'MS-Windows', '');


INSERT INTO `softwares_inventariados` (`id_software_inventariado`, `nm_software_inventariado`, `id_tipo_software`, `id_software`, `te_hash`) VALUES
(1, 'Adobe Flash Player 10 ActiveX', 0, NULL, '21adb4f3a2dcd837cd0f329cbb9ea31f'),
(2, 'Adobe Flash Player 10 Plugin', 0, NULL, 'eb8841042c78f7716df6820e332bbd49'),
(3, 'astah community 6.2.1', 0, NULL, 'c945e07f3b849c50b7eb2589fa583b96'),
(4, 'avast! Free Antivirus', 0, NULL, '74ab06d9efc753c641d0718b1123c660'),
(5, 'CutePDF Writer 2.8', 0, NULL, '8b230b92e797dbcb99911b390fbc1878'),
(6, 'Microsoft Office Enterprise 2007', 0, NULL, 'd6ecae2b95786a8e7a85f72c0470c11b'),
(7, 'FormatFactory 2.60', 0, NULL, 'd838a41d12d5cbf2357500e181389f7a'),
(8, 'OpenGL Extensions Viewer 3.0', 0, NULL, '1aaac09fa634ed402295c75a1b8695e2'),
(9, 'Google Chrome', 0, NULL, '76868ae832f6c6bd26cadc7d7c269986'),
(10, 'K-Lite Codec Pack 6.3.0 (Full)', 0, NULL, '5da25d10080d979573cce8648495960f'),
(11, 'Microsoft Document Explorer 2008', 0, NULL, 'cc3850fac9f869960fd53c48083f2068'),
(12, 'Microsoft SQL Server 2005', 0, NULL, '4cb2edd3dea78bc825b876b414976b5a'),
(13, 'Microsoft Visual Studio 2008 Professional Edition - ENU', 0, NULL, 'c49f96b2f2ae585e5afd9e67d647945b'),
(14, 'Mozilla Firefox (3.6.15)', 0, NULL, '71c86aa178ed8ce3cb9f30e6f69d816c'),
(15, 'Mozilla Thunderbird (3.1.3)', 0, NULL, '4c4a9d42c9d23a2b0338fc3969bfc3aa'),
(16, 'NetBeans IDE 6.9.1', 0, NULL, '3309515a7119d9e580b40184cc9d34db'),
(17, 'Nimbuzz 1.3.0', 0, NULL, 'f81ff6a5296f500c1b6619ec1dd9fe76'),
(18, 'Notepad++', 0, NULL, '376f6d6869aaf313a5ab63d4cefdbeaa'),
(19, 'TeamViewer 5', 0, NULL, 'c8adc02a6a95dc886b7a057a17427b4d'),
(20, 'Tftpd32 Standalone Edition (remove only)', 0, NULL, '74b8de8306c216f1ec274799784ad616'),
(21, 'UpxFrontend', 0, NULL, 'a0c7b9af3d3831191be8f56ea3669eaa'),
(22, 'Microsoft Visual Studio Web Authoring Component', 0, NULL, 'c2544c4296327ed64d82a70429604e28'),
(23, 'Arquivo do WinRAR', 0, NULL, '2b51428dbdb338af4e14fd891be9063a'),
(24, 'wxFormBuilder 3.1.68', 0, NULL, '68017511a7c6ba13a0a548488582ab5a'),
(25, 'Ghostscript GPL 8.64 (Msi Setup)', 0, NULL, '94623abecd3f293ffd3a9d3a920c6ea9'),
(26, 'Corel Graphics - Windows Shell Extension', 0, NULL, 'd80e71d7ec6683aeacc63d11b891f8a8'),
(27, 'CorelDRAW(R) Graphics Suite X5', 0, NULL, '4b6e98c530a6ee5602c05ab0d463c1aa'),
(28, 'Java DB 10.5.3.0', 0, NULL, '84d774892d58213acf69bdb2bbef210c'),
(29, 'Microsoft Windows SDK for Visual Studio 2008 .NET Framework Tools', 0, NULL, 'b3f3fb3988fb17c078c9790981f045b2'),
(30, 'CCC Help Chinese Traditional', 0, NULL, '3ac05d35cc7804f0e689c78368a28c33'),
(31, 'Catalyst Control Center Core Implementation', 0, NULL, 'b02820c4b99dcd9c15fae9886520f553'),
(32, 'Microsoft Visual C++ 2008 Redistributable - x86 9.0.30729.4148', 0, NULL, '894c8ab68d8030eecc66e42e3595ac8d'),
(33, 'BrOffice.org 3.2', 0, NULL, 'b9228cedc4630a2aaeacc1afe85b7114'),
(34, 'Microsoft SQL Server Compact 3.5 for Devices ENU', 0, NULL, '0c637e5f97bd255113a7bf2133199b7e'),
(35, 'CorelDRAW Graphics Suite X5 - Custom Data', 0, NULL, '9fb9eed189d34a8cf1a88ad055c0d6bd'),
(36, 'CorelDRAW Graphics Suite X5 - VSTA', 0, NULL, '50c878c134305431ac6fb7abdd7c201e'),
(37, 'Visual Basic for Applications (R) Core', 0, NULL, '19b69fe62b18aa8d09fdc543181d1ca9'),
(38, 'Java(TM) 6 Update 24', 0, NULL, 'dfd8404d6bc6f9560816974ace272178'),
(39, 'Microsoft SQL Server 2005 Tools Express Edition', 0, NULL, '3a192f964eb3994484928a2298b9eee4'),
(40, 'ccc-utility', 0, NULL, '286b47e598a53e503421b4cfd164b0b6'),
(41, 'CCC Help Danish', 0, NULL, '75843a69adfec0b190df2c1274e7202b'),
(42, 'Microsoft SQL Server 2005 Express Edition (SQLEXPRESS)', 0, NULL, 'bbc41d725cdeafb4da012ce19e6479a8'),
(43, 'Microsoft SQL Server Compact 3.5 Design Tools ENU', 0, NULL, '64ccf50f7ee2f80e064ee6bbbd2c6615'),
(44, 'Catalyst Control Center Localization All', 0, NULL, '566c76d1420e4d63b88211dcacaddf62'),
(45, 'Java(TM) SE Development Kit 6 Update 21', 0, NULL, '003cd16aa99984d5b7c0f43c51cb16c8'),
(46, 'CorelDRAW Graphics Suite X5 - Filters', 0, NULL, '4426df67195a8a1301de7e354c04a6cd'),
(47, 'MySQL Workbench 5.2 CE', 0, NULL, '3f21e48ab0195dbbca49043ed2b5444f'),
(48, 'CCC Help Swedish', 0, NULL, '995a52b9fb46a3f628cc84300c605365'),
(49, 'ATI Catalyst Install Manager', 0, NULL, 'bb2a6e82caa612b20c78559719689aba'),
(50, 'TortoiseSVN 1.6.13.20954 (32 bit)', 0, NULL, '91c48a648c57b391f8d0c8345c05873e'),
(51, 'Java Auto Updater', 0, NULL, '674073cb0439ed3a4c16ac4940f2284b'),
(52, 'CCC Help Japanese', 0, NULL, '223e7e5f17834bf9609b66c486fad361'),
(53, 'Microsoft SQL Server Setup Support Files (English)', 0, NULL, '6695f0abd746148e744cef8ee63dd643'),
(54, 'CorelDRAW Graphics Suite X5 - Connect', 0, NULL, '57face076d4881d6c1d0c1cad2072876'),
(55, 'Microsoft SQL Server VSS Writer', 0, NULL, '3a12404addbdedded51cab7708f24c83'),
(56, 'CorelDRAW Graphics Suite X5 - VBA', 0, NULL, '961021023afe6ebb2d70768b75401786'),
(57, 'CorelDRAW Graphics Suite X5 - Redist', 0, NULL, 'd4c786d2e5dbc9721f70a3233d98c508'),
(58, 'CCC Help Russian', 0, NULL, '89c81aa1c32d751f15793643ab553e78'),
(59, 'Catalyst Control Center Graphics Previews Common', 0, NULL, '702bd7e1f33ad00dfac7bf254bcb7db7'),
(60, 'CCC Help Norwegian', 0, NULL, '36b0637f996a72613c1a220f01f7051a'),
(61, 'CorelDRAW Graphics Suite X5 - Draw', 0, NULL, '5c4bbeadc9077d970c259ea49ad4c707'),
(62, 'Microsoft Windows SDK for Visual Studio 2008 SDK Reference Assemblies and IntelliSense', 0, NULL, '28d0f96e32f33f3dc8c4415a6f7b4b79'),
(63, 'Catalyst Control Center Graphics Light', 0, NULL, 'b4f783776ba5a507e9bbaafda195934c'),
(64, 'CCC Help French', 0, NULL, '8afdeafce482fd7384cd3843ddf3fd8d'),
(65, 'Windows Mobile 5.0 SDK R2 for Pocket PC', 0, NULL, '28fecf350a694c0d8ec1b851d7cae2c1'),
(66, 'Catalyst Control Center Graphics Previews Vista', 0, NULL, 'd921edd058a9068f395d0e90c56a4e5c'),
(67, 'Borland Delphi 7', 0, NULL, '1cd6625eb7fccb5c0a4eeaa983b0cc99'),
(68, 'Microsoft Visual C++ 2005 Redistributable', 0, NULL, 'a353ed85aa41aa2af0ac2419f565026b'),
(69, 'CCC Help Dutch', 0, NULL, '60e81f4de1e4a1f942359e2ddf2165fd'),
(70, 'CCC Help Italian', 0, NULL, '2b6cbfe6ce59abc2a45240e49923c6fc'),
(71, 'CCC Help Portuguese', 0, NULL, '3e103e5bf29ff86dda0ce861ff9a1d19'),
(72, 'CCC Help Thai', 0, NULL, '4c1153e8eb7dbb3f5eef801f37a42c97'),
(73, 'Microsoft Windows SDK for Visual Studio 2008 Headers and Libraries', 0, NULL, '048ffe25930efa4048c48b8fa468cb1f'),
(74, 'Catalyst Control Center - Branding', 0, NULL, 'a3b3535b0f0ed07bf6979f0693c76e84'),
(75, 'Microsoft Office Access MUI (Portuguese (Brazil)) 2007', 0, NULL, 'af36b1e30ee00caac953d539cca7e6d6'),
(76, 'Microsoft Office 2007 Service Pack 2 (SP2)', 0, NULL, '45876b9358548613b2ad47033132fed0'),
(77, 'Microsoft Office Excel MUI (Portuguese (Brazil)) 2007', 0, NULL, 'faf8124e75e95eb9ce19c11ec76037a9'),
(78, 'Atualização do produto Microsoft Office Excel 2007 Help (KB963678)', 0, NULL, '4a26b296e2371a997d5187083f579fe7'),
(79, 'Microsoft Office PowerPoint MUI (Portuguese (Brazil)) 2007', 0, NULL, 'b87efd44cea534c9e43e48965163c195'),
(80, 'Atualização do produto Microsoft Office Powerpoint 2007 Help (KB963669)', 0, NULL, '7d889738e59c6397e2eb594118a43c09'),
(81, 'Microsoft Office Publisher MUI (Portuguese (Brazil)) 2007', 0, NULL, 'f0ab88584afe979028ed6c99f60e5167'),
(82, 'Microsoft Office Outlook MUI (Portuguese (Brazil)) 2007', 0, NULL, '72740ddcb288f58fefd1d5796b549d67'),
(83, 'Atualização do produto Microsoft Office Outlook 2007 Help (KB963677)', 0, NULL, 'd0a63252d1c3f8a76d1f269326d0401c'),
(84, 'Microsoft Office Word MUI (Portuguese (Brazil)) 2007', 0, NULL, '160639e2d8c3de36c9cbe5cb374ec14e'),
(85, 'Atualização do produto Microsoft Office Word 2007 Help (KB963665)', 0, NULL, 'e6349f6707673f5eee093b74bb08ac0f'),
(86, 'Microsoft Office Proof (English) 2007', 0, NULL, '5147a7ed023dffe60a5edb0f84c91b95'),
(87, 'Microsoft Office Proofing Tools 2007 Service Pack 2 (SP2)', 0, NULL, '6b341d6d8b50926951fb8204bfc1fbe5'),
(88, 'Microsoft Office Proof (Portuguese (Brazil)) 2007', 0, NULL, 'c3931e53db6995b5d94740e605d37d6d'),
(89, 'Microsoft Office Proof (Spanish) 2007', 0, NULL, '8c58d8269286f5d80e4b16d6cf51ab98'),
(90, 'Microsoft Office Visual Web Developer 2007', 0, NULL, '2347995deba13fc401ac18ca5b3ecf94'),
(91, 'Security Update for 2007 Microsoft Office System (KB2289158)', 0, NULL, '839132e726326eadddb39dc2437d4ade'),
(92, 'Security Update for Microsoft Office system 2007 (972581)', 0, NULL, 'e79d90e3e5ead576d3d5dd6befd4fa98'),
(93, 'Security Update for 2007 Microsoft Office System (KB2288621)', 0, NULL, '61b2f4c644c4e1554c8d7ab42c3820b6'),
(94, 'Update for 2007 Microsoft Office System (KB967642)', 0, NULL, 'e7a2afc72c38c8473e25217553fa1250'),
(95, 'Update for 2007 Microsoft Office System (KB2284654)', 0, NULL, '13d9c3da75babe40751303d06ebaab12'),
(96, 'Security Update for Microsoft Office system 2007 (KB974234)', 0, NULL, 'fb9ea950fd8b922e1b342c178b389967'),
(97, 'Microsoft Office Visual Web Developer MUI (English) 2007', 0, NULL, 'de5349064ef56bda86f37aa5a9cbec5d'),
(98, 'Microsoft Office SharePoint Designer 2007 Service Pack 2 (SP2)', 0, NULL, '9c05f3f6eb104dae601baae36bcb483d'),
(99, 'Microsoft Office Proofing (Portuguese (Brazil)) 2007', 0, NULL, '49f8434c40ba371cee9ed38c1fc3370d'),
(100, 'Security Update for Microsoft Office InfoPath 2007 (KB979441)', 0, NULL, 'be50914a6f97f6835728a94e9f8fb00a'),
(101, 'Security Update for Microsoft Office Access 2007 (KB979440)', 0, NULL, '0092c3e9df1f93f4cf91ba1c77f66223'),
(102, 'Security Update for Microsoft Office Publisher 2007 (KB982124)', 0, NULL, '664b87a35fffc39ba571440c957b93da'),
(103, 'Update for Microsoft Office OneNote 2007 (KB980729)', 0, NULL, 'e762d455bc91dd1981a7761302b888ac'),
(104, 'Security Update for Microsoft Office PowerPoint Viewer (KB2413381)', 0, NULL, '04eeef4e739e7070c07dd75a99f4153b'),
(105, 'Security Update for 2007 Microsoft Office System (KB2345043)', 0, NULL, '599875c910ca8dd798ff74de2eb9bd67'),
(106, 'Security Update for 2007 Microsoft Office System (KB969559)', 0, NULL, '6c21a7bbda3a16e7315f9b6a53847954'),
(107, 'Security Update for 2007 Microsoft Office System (KB2344875)', 0, NULL, 'f601dcd33208a0b38ffe87295bb30bbc'),
(108, 'Security Update for Microsoft Office Visio Viewer 2007 (KB973709)', 0, NULL, 'bebe8132e7023fc17acb81809af778eb'),
(109, 'Security Update for Microsoft Office Word 2007 (KB2344993)', 0, NULL, '0d05ed3029fede92dca244e2d1eb60ad'),
(110, 'Security Update for 2007 Microsoft Office System (KB976321)', 0, NULL, '7cde07f70582e6451f2b7bd20ecbd8c0'),
(111, 'Security Update for Microsoft Office Outlook 2007 (KB2288953)', 0, NULL, 'eb385445667e14fd3be21274176852b6'),
(112, 'Security Update for Microsoft Office Excel 2007 (KB2345035)', 0, NULL, 'c6e7627a234fea8775134af9e032002c'),
(113, 'Update for Outlook 2007 Junk Email Filter (KB2443839)', 0, NULL, '1ba0fc57e07f1b304b7953cfe2ec5e7a'),
(114, 'Security Update for Microsoft Office PowerPoint 2007 (KB982158)', 0, NULL, '8fe77caa666a136538dc1eae0fe2d797'),
(115, 'Microsoft Office InfoPath MUI (Portuguese (Brazil)) 2007', 0, NULL, '25213e98645a2368acd83eba2464c171'),
(116, 'Microsoft Office Shared MUI (English) 2007', 0, NULL, '94caed081a27900b6406326455adc2f8'),
(117, 'Update for Microsoft Office 2007 Help for Common Features (KB963673)', 0, NULL, '18cbae8e6b497ce5a8acf6f97cdc48d4'),
(118, 'Update for Microsoft Office Script Editor Help (KB963671)', 0, NULL, '70549b2aae8b03f4d9ad10f128bf35d3'),
(119, 'Microsoft Office Shared MUI (Portuguese (Brazil)) 2007', 0, NULL, '482ab92a45a493200fce1e7a3285ca2f'),
(120, 'Microsoft Office OneNote MUI (Portuguese (Brazil)) 2007', 0, NULL, '4485a0c89cf5fa48066c93f4c54f37d7'),
(121, 'Microsoft Office Groove MUI (Portuguese (Brazil)) 2007', 0, NULL, 'dbe63497d7c7d2173d4af8af483a0164'),
(122, 'Microsoft Office Shared Setup Metadata MUI (English) 2007', 0, NULL, 'a4ea0a0bc4cb9673676ac3bdf4cc6caa'),
(123, 'CorelDRAW Graphics Suite X5 - WT', 0, NULL, '6fa470612f57e31a212568908b6fdd2d'),
(124, 'CCC Help Turkish', 0, NULL, '71d989dd40c79848ee4973ae08c653a1'),
(125, 'Windows Mobile 5.0 SDK R2 for Smartphone', 0, NULL, 'b2ccd2588bcfc27f6f208d39b7c5cbe5'),
(126, 'Catalyst Control Center Graphics Full New', 0, NULL, '3e519f17b0cf0014bb1fd905d69b1e56'),
(127, 'CorelDRAW Graphics Suite X5 - FontNav', 0, NULL, '8f058130575c8ebfe6ec805aa8a7036a'),
(128, 'Microsoft SQL Server Database Publishing Wizard 1.2', 0, NULL, '55274c3d016531234fce739e47e40665'),
(129, 'Catalyst Control Center InstallProxy', 0, NULL, '35f4ae590d54e2c4220b0609a600535f'),
(130, 'CCC Help German', 0, NULL, 'b15f91462dab7278908f0ec47d3b5a5d'),
(131, 'CorelDRAW Graphics Suite X5 - PHOTO-PAINT', 0, NULL, 'bc3dee80d841c84fae793158f5459bdc'),
(132, 'CCC Help Spanish', 0, NULL, 'e089270f8b662cd2563e7be760803920'),
(133, 'Google Update Helper', 0, NULL, '3cc2bec04e8ca57814f30c4ec2524b9a'),
(134, 'CCC Help Polish', 0, NULL, '854ebd806f6d725178209f28a54a4db1'),
(135, 'Crystal Reports Basic for Visual Studio 2008', 0, NULL, '2efaffc8307ac234f2c110be0c9a6a59'),
(136, 'Adobe Reader 9.4.2 - Português', 0, NULL, 'a3f11ddab1d1aa9fb9240456fba19e6d'),
(137, 'CCC Help Greek', 0, NULL, '82e8ef0118340f79e308af758cedbc8c'),
(138, 'Skins', 0, NULL, '9ed8544941838fd6f59e6562fb22d57e'),
(139, 'OGA Notifier 2.0.0048.0', 0, NULL, 'b6f977f89e527e9f550a7adae7802345'),
(140, 'Microsoft Windows SDK for Visual Studio 2008 Win32 Tools', 0, NULL, '284a919bfa86a529095942ce1cfe0d14'),
(141, 'Microsoft Device Emulator version 3.0 - ENU', 0, NULL, '32f860c7bbf4d31729b50b1ec6915572'),
(142, 'CorelDRAW Graphics Suite X5', 0, NULL, 'f5854588eb354f0b5e33b6b6a3f1459a'),
(143, 'Catalyst Control Center HydraVision Full', 0, NULL, 'bc0958460843c567e69dc1a4159f08d3'),
(144, 'Microsoft SQL Server Compact 3.5 ENU', 0, NULL, '69520ea942bf95de6b08c1231396950c'),
(145, 'Microsoft SQL Server Native Client', 0, NULL, '438ebbbcd5404c48a69b2ac695afd435'),
(146, 'CCC Help Finnish', 0, NULL, '30470d61ad1f5013d8a72e4b7adc605a'),
(147, 'CCC Help Czech', 0, NULL, '311e0d401d99349b227e09c4a8e636b9'),
(148, 'CorelDRAW Graphics Suite X5 - Common', 0, NULL, 'a41006855e1fb5716ef386c45fabc755'),
(149, 'Microsoft Windows SDK for Visual Studio 2008 Tools', 0, NULL, '41f366573e97e5568bf47d8c92b2d24d'),
(150, 'CorelDRAW Graphics Suite X5 - Setup Files', 0, NULL, 'f80fd6f4ecc89503125abc870250020e'),
(151, 'Visual Basic for Applications (R) Core - English', 0, NULL, '49f013686b0fdf1da5daa6fe9ffb5582'),
(152, 'CorelDRAW Graphics Suite X5 - Photozoom Plugin', 0, NULL, 'cbf88f40efe5df9e3f4da7fa0a464f6c'),
(153, 'Hotfix for Microsoft Visual Studio 2008 Professional Edition - ENU (KB971091)', 0, NULL, '653ab0b12e25dd900ee7fd561d34f3c5'),
(154, 'Update for Microsoft Visual Studio 2008 Professional Edition - ENU (KB972221)', 0, NULL, '36f65147eb193c3da196d36abc1d73be'),
(155, 'Hotfix for Microsoft Visual Studio 2008 Professional Edition - ENU (KB973674)', 0, NULL, '014886ab1fa2a28e95c095e239c173b1'),
(156, 'CorelDRAW Graphics Suite X5 - IPM', 0, NULL, '90d67b48c5273069642bdbbd790b2e88'),
(157, 'Auslogics Disk Defrag', 0, NULL, 'f5c83a570c8e2d0f337d19401dc53ff5'),
(158, 'ccc-core-static', 0, NULL, 'c0bd8922bf4eb28e04b68f1e11c77b8f'),
(159, 'CorelDRAW Graphics Suite X5 - EN', 0, NULL, 'd73dd49a7db44c2fc62c476340fd39b8'),
(160, 'Catalyst Control Center Graphics Full Existing', 0, NULL, '524d3636a72252c8de2bbc73a306f1b3'),
(161, 'CCC Help Chinese Standard', 0, NULL, 'c9c7733af275aa29f137a52212ac0354'),
(162, 'CorelDRAW Graphics Suite X5 - Capture', 0, NULL, 'b88224cb86cddcf6a0ba8df47dbef650'),
(163, 'CCC Help English', 0, NULL, 'a35ae0d9773b777e027e2f19f97b1972'),
(164, 'Sony Ericsson PC Companion 1.50.52', 0, NULL, '50125dc266a2fc959b2955039349591f'),
(165, 'CCC Help Hungarian', 0, NULL, '2eb1ef2a1532470bf4ace8dd501ec153'),
(166, 'CCC Help Korean', 0, NULL, '7f8a7ae33a9bf52743da4d36a58dc1b9'),
(167, 'CorelDRAW Graphics Suite X5 - VideoBrowser', 0, NULL, '1d00cc53e7c4238024ecc607f8ff5e3b'),
(168, 'VC Runtimes MSI', 0, NULL, '3c74b084859308bd1687ba7782255224');


INSERT INTO `softwares_inventariados_estacoes` (`te_node_address`, `id_so`, `id_software_inventariado`) VALUES
('00-1D-7D-88-5B-99', 45, 1),
('00-1D-7D-88-5B-99', 45, 2),
('00-1D-7D-88-5B-99', 45, 3),
('00-1D-7D-88-5B-99', 45, 4),
('00-1D-7D-88-5B-99', 45, 5),
('00-1D-7D-88-5B-99', 45, 6),
('00-1D-7D-88-5B-99', 45, 7),
('00-1D-7D-88-5B-99', 45, 8),
('00-1D-7D-88-5B-99', 45, 9),
('00-1D-7D-88-5B-99', 45, 10),
('00-1D-7D-88-5B-99', 45, 11),
('00-1D-7D-88-5B-99', 45, 12),
('00-1D-7D-88-5B-99', 45, 13),
('00-1D-7D-88-5B-99', 45, 14),
('00-1D-7D-88-5B-99', 45, 15),
('00-1D-7D-88-5B-99', 45, 16),
('00-1D-7D-88-5B-99', 45, 17),
('00-1D-7D-88-5B-99', 45, 18),
('00-1D-7D-88-5B-99', 45, 19),
('00-1D-7D-88-5B-99', 45, 20),
('00-1D-7D-88-5B-99', 45, 21),
('00-1D-7D-88-5B-99', 45, 22),
('00-1D-7D-88-5B-99', 45, 23),
('00-1D-7D-88-5B-99', 45, 24),
('00-1D-7D-88-5B-99', 45, 25),
('00-1D-7D-88-5B-99', 45, 26),
('00-1D-7D-88-5B-99', 45, 27),
('00-1D-7D-88-5B-99', 45, 28),
('00-1D-7D-88-5B-99', 45, 29),
('00-1D-7D-88-5B-99', 45, 30),
('00-1D-7D-88-5B-99', 45, 31),
('00-1D-7D-88-5B-99', 45, 32),
('00-1D-7D-88-5B-99', 45, 33),
('00-1D-7D-88-5B-99', 45, 34),
('00-1D-7D-88-5B-99', 45, 35),
('00-1D-7D-88-5B-99', 45, 36),
('00-1D-7D-88-5B-99', 45, 37),
('00-1D-7D-88-5B-99', 45, 38),
('00-1D-7D-88-5B-99', 45, 39),
('00-1D-7D-88-5B-99', 45, 40),
('00-1D-7D-88-5B-99', 45, 41),
('00-1D-7D-88-5B-99', 45, 42),
('00-1D-7D-88-5B-99', 45, 43),
('00-1D-7D-88-5B-99', 45, 44),
('00-1D-7D-88-5B-99', 45, 45),
('00-1D-7D-88-5B-99', 45, 46),
('00-1D-7D-88-5B-99', 45, 47),
('00-1D-7D-88-5B-99', 45, 48),
('00-1D-7D-88-5B-99', 45, 49),
('00-1D-7D-88-5B-99', 45, 50),
('00-1D-7D-88-5B-99', 45, 51),
('00-1D-7D-88-5B-99', 45, 52),
('00-1D-7D-88-5B-99', 45, 53),
('00-1D-7D-88-5B-99', 45, 54),
('00-1D-7D-88-5B-99', 45, 55),
('00-1D-7D-88-5B-99', 45, 56),
('00-1D-7D-88-5B-99', 45, 57),
('00-1D-7D-88-5B-99', 45, 58),
('00-1D-7D-88-5B-99', 45, 59),
('00-1D-7D-88-5B-99', 45, 60),
('00-1D-7D-88-5B-99', 45, 61),
('00-1D-7D-88-5B-99', 45, 62),
('00-1D-7D-88-5B-99', 45, 63),
('00-1D-7D-88-5B-99', 45, 64),
('00-1D-7D-88-5B-99', 45, 65),
('00-1D-7D-88-5B-99', 45, 66),
('00-1D-7D-88-5B-99', 45, 67),
('00-1D-7D-88-5B-99', 45, 68),
('00-1D-7D-88-5B-99', 45, 69),
('00-1D-7D-88-5B-99', 45, 70),
('00-1D-7D-88-5B-99', 45, 71),
('00-1D-7D-88-5B-99', 45, 72),
('00-1D-7D-88-5B-99', 45, 73),
('00-1D-7D-88-5B-99', 45, 74),
('00-1D-7D-88-5B-99', 45, 75),
('00-1D-7D-88-5B-99', 45, 76),
('00-1D-7D-88-5B-99', 45, 77),
('00-1D-7D-88-5B-99', 45, 78),
('00-1D-7D-88-5B-99', 45, 79),
('00-1D-7D-88-5B-99', 45, 80),
('00-1D-7D-88-5B-99', 45, 81),
('00-1D-7D-88-5B-99', 45, 82),
('00-1D-7D-88-5B-99', 45, 83),
('00-1D-7D-88-5B-99', 45, 84),
('00-1D-7D-88-5B-99', 45, 85),
('00-1D-7D-88-5B-99', 45, 86),
('00-1D-7D-88-5B-99', 45, 87),
('00-1D-7D-88-5B-99', 45, 88),
('00-1D-7D-88-5B-99', 45, 89),
('00-1D-7D-88-5B-99', 45, 90),
('00-1D-7D-88-5B-99', 45, 91),
('00-1D-7D-88-5B-99', 45, 92),
('00-1D-7D-88-5B-99', 45, 93),
('00-1D-7D-88-5B-99', 45, 94),
('00-1D-7D-88-5B-99', 45, 95),
('00-1D-7D-88-5B-99', 45, 96),
('00-1D-7D-88-5B-99', 45, 97),
('00-1D-7D-88-5B-99', 45, 98),
('00-1D-7D-88-5B-99', 45, 99),
('00-1D-7D-88-5B-99', 45, 100),
('00-1D-7D-88-5B-99', 45, 101),
('00-1D-7D-88-5B-99', 45, 102),
('00-1D-7D-88-5B-99', 45, 103),
('00-1D-7D-88-5B-99', 45, 104),
('00-1D-7D-88-5B-99', 45, 105),
('00-1D-7D-88-5B-99', 45, 106),
('00-1D-7D-88-5B-99', 45, 107),
('00-1D-7D-88-5B-99', 45, 108),
('00-1D-7D-88-5B-99', 45, 109),
('00-1D-7D-88-5B-99', 45, 110),
('00-1D-7D-88-5B-99', 45, 111),
('00-1D-7D-88-5B-99', 45, 112),
('00-1D-7D-88-5B-99', 45, 113),
('00-1D-7D-88-5B-99', 45, 114),
('00-1D-7D-88-5B-99', 45, 115),
('00-1D-7D-88-5B-99', 45, 116),
('00-1D-7D-88-5B-99', 45, 117),
('00-1D-7D-88-5B-99', 45, 118),
('00-1D-7D-88-5B-99', 45, 119),
('00-1D-7D-88-5B-99', 45, 120),
('00-1D-7D-88-5B-99', 45, 121),
('00-1D-7D-88-5B-99', 45, 122),
('00-1D-7D-88-5B-99', 45, 123),
('00-1D-7D-88-5B-99', 45, 124),
('00-1D-7D-88-5B-99', 45, 125),
('00-1D-7D-88-5B-99', 45, 126),
('00-1D-7D-88-5B-99', 45, 127),
('00-1D-7D-88-5B-99', 45, 128),
('00-1D-7D-88-5B-99', 45, 129),
('00-1D-7D-88-5B-99', 45, 130),
('00-1D-7D-88-5B-99', 45, 131),
('00-1D-7D-88-5B-99', 45, 132),
('00-1D-7D-88-5B-99', 45, 133),
('00-1D-7D-88-5B-99', 45, 134),
('00-1D-7D-88-5B-99', 45, 135),
('00-1D-7D-88-5B-99', 45, 136),
('00-1D-7D-88-5B-99', 45, 137),
('00-1D-7D-88-5B-99', 45, 138),
('00-1D-7D-88-5B-99', 45, 139),
('00-1D-7D-88-5B-99', 45, 140),
('00-1D-7D-88-5B-99', 45, 141),
('00-1D-7D-88-5B-99', 45, 142),
('00-1D-7D-88-5B-99', 45, 143),
('00-1D-7D-88-5B-99', 45, 144),
('00-1D-7D-88-5B-99', 45, 145),
('00-1D-7D-88-5B-99', 45, 146),
('00-1D-7D-88-5B-99', 45, 147),
('00-1D-7D-88-5B-99', 45, 148),
('00-1D-7D-88-5B-99', 45, 149),
('00-1D-7D-88-5B-99', 45, 150),
('00-1D-7D-88-5B-99', 45, 151),
('00-1D-7D-88-5B-99', 45, 152),
('00-1D-7D-88-5B-99', 45, 153),
('00-1D-7D-88-5B-99', 45, 154),
('00-1D-7D-88-5B-99', 45, 155),
('00-1D-7D-88-5B-99', 45, 156),
('00-1D-7D-88-5B-99', 45, 157),
('00-1D-7D-88-5B-99', 45, 158),
('00-1D-7D-88-5B-99', 45, 159),
('00-1D-7D-88-5B-99', 45, 160),
('00-1D-7D-88-5B-99', 45, 161),
('00-1D-7D-88-5B-99', 45, 162),
('00-1D-7D-88-5B-99', 45, 163),
('00-1D-7D-88-5B-99', 45, 164),
('00-1D-7D-88-5B-99', 45, 165),
('00-1D-7D-88-5B-99', 45, 166),
('00-1D-7D-88-5B-99', 45, 167),
('00-1D-7D-88-5B-99', 45, 168);


INSERT INTO `unidades_disco` (`te_letra`, `id_so`, `te_node_address`, `id_tipo_unid_disco`, `nu_serial`, `nu_capacidade`, `nu_espaco_livre`, `te_unc`, `cs_sist_arq`) VALUES
('C:', 45, '00-1D-7D-88-5B-99', '2', 'BE9E-0468', 76190, 31480, '', 'NTFS');


INSERT INTO `unid_organizacional_nivel1` (`id_unid_organizacional_nivel1`, `nm_unid_organizacional_nivel1`, `te_endereco_uon1`, `te_bairro_uon1`, `te_cidade_uon1`, `te_uf_uon1`, `nm_responsavel_uon1`, `te_email_responsavel_uon1`, `nu_tel1_responsavel_uon1`, `nu_tel2_responsavel_uon1`) VALUES
(1, 'Entidade de Demonstração', '', '', '', '', '', '', '', '');


INSERT INTO `unid_organizacional_nivel1a` (`id_unid_organizacional_nivel1`, `id_unid_organizacional_nivel1a`, `nm_unid_organizacional_nivel1a`) VALUES
(1, 1, 'Linha de Demonstração');


INSERT INTO `unid_organizacional_nivel2` (`id_local`, `id_unid_organizacional_nivel2`, `id_unid_organizacional_nivel1a`, `nm_unid_organizacional_nivel2`, `te_endereco_uon2`, `te_bairro_uon2`, `te_cidade_uon2`, `te_uf_uon2`, `nm_responsavel_uon2`, `te_email_responsavel_uon2`, `nu_tel1_responsavel_uon2`, `nu_tel2_responsavel_uon2`, `dt_registro`) VALUES
(1, 1, 1, 'Órgão de de Demonstração', '', '', '', '', '', '', '', '', '0000-00-00 00:00:00');


INSERT INTO `usb_logs` (`id_vendor`, `id_device`, `dt_event`, `te_node_address`, `id_so`, `cs_event`) VALUES
('0781', '5567', '20110318121620', '00-1D-7D-88-5B-99', 45, 'I');


INSERT INTO `variaveis_ambiente` (`id_variavel_ambiente`, `nm_variavel_ambiente`, `te_hash`) VALUES
(1, 'APPDATA', '057caa3b007740a91ed4079816292789'),
(2, 'CommonProgramFiles', '4e2addfe8ebeb223b42691df4d256c3c'),
(3, 'COMPUTERNAME', '441a1b74a7fe1649e56b9441ec44639c'),
(4, 'ComSpec', '2960d38308ae6f371f234ba1d501f79a'),
(5, 'FP_NO_HOST_CHECK', '551735c7c47f5d5b467850ee066783e9'),
(6, 'LOCALAPPDATA', '26e533b6cb5cf77f7d0a48c2e45598f7'),
(7, 'NUMBER_OF_PROCESSORS', 'a58271a8a8756509a43d14ba1623be9f'),
(8, 'OS', '17bc10091293fdc562a6db69940ee924'),
(9, 'Path', 'ac70412e939d72a9234cdebb1af5867b'),
(10, 'PATHEXT', 'dc3c7613e899f6d984f2e70e8bd404b3'),
(11, 'PROCESSOR_ARCHITECTURE', '7795757591c64fb87aa793b6e057c256'),
(12, 'PROCESSOR_IDENTIFIER', '9ca5e3e89e6bdd692d21f31594dc512c'),
(13, 'PROCESSOR_LEVEL', 'ed37fbd7cf3edf15bb7be25579219fe2'),
(14, 'PROCESSOR_REVISION', '3a740b184c4cc6f249d611599a0d646b'),
(15, 'ProgramData', 'd8d284ac3a243f3ee06cda4f58f98b08'),
(16, 'ProgramFiles', '71566b665272d2a148350e95fc3f33b4'),
(17, 'PSModulePath', '7d2184a8bc8d77ff2ff97188c3444c1c'),
(18, 'PUBLIC', 'cd0c6092d6a6874f379fe4827ed1db8b'),
(19, 'SystemDrive', '9ffaa1c9db624e4d4482720bcd1cec85'),
(20, 'SystemRoot', '8efe02a066fab994f39506a9e1b204b9'),
(21, 'TEMP', 'a972681b318c92911a4020c18acf78b6'),
(22, 'TMP', '7f15c70fa5904fa378936a1fe54185e4'),
(23, 'USERDOMAIN', '7a2493590e38c8bcb7ad072226a295ac'),
(24, 'USERNAME', '27087b329deeade828edd652d45461b2'),
(25, 'USERPROFILE', '548ed219656439db6063dcd3595fafdb'),
(26, 'VS90COMNTOOLS', '09e07d5b4c0c5d74b030d2ae880401dd'),
(27, 'windir', 'ce1b213a5bfa278fd1789bdbffe0a099');


INSERT INTO `variaveis_ambiente_estacoes` (`te_node_address`, `id_so`, `id_variavel_ambiente`, `vl_variavel_ambiente`) VALUES
('00-1D-7D-88-5B-99', 45, 1, 'C:\\Windows\\system32\\config\\systemprofile\\AppData\\Roaming'),
('00-1D-7D-88-5B-99', 45, 2, 'C:\\Program Files\\Common Files'),
('00-1D-7D-88-5B-99', 45, 3, 'PC'),
('00-1D-7D-88-5B-99', 45, 4, 'C:\\Windows\\system32\\cmd.exe'),
('00-1D-7D-88-5B-99', 45, 5, 'NO'),
('00-1D-7D-88-5B-99', 45, 6, 'C:\\Windows\\system32\\config\\systemprofile\\AppData\\Local'),
('00-1D-7D-88-5B-99', 45, 7, '2'),
('00-1D-7D-88-5B-99', 45, 8, 'Windows_NT'),
('00-1D-7D-88-5B-99', 45, 9, 'C:\\Program Files\\Borland\\Delphi7\\Bin;C:\\Program Files\\Borland\\Delphi7\\Projects\\Bpl\\;C:\\Windows\\syste'),
('00-1D-7D-88-5B-99', 45, 10, '.COM;.EXE;.BAT;.CMD;.VBS;.VBE;.JS;.JSE;.WSF;.WSH;.MSC'),
('00-1D-7D-88-5B-99', 45, 11, 'x86'),
('00-1D-7D-88-5B-99', 45, 12, 'x86 Family 15 Model 67 Stepping 3, AuthenticAMD'),
('00-1D-7D-88-5B-99', 45, 13, '15'),
('00-1D-7D-88-5B-99', 45, 14, '4303'),
('00-1D-7D-88-5B-99', 45, 15, 'C:\\ProgramData'),
('00-1D-7D-88-5B-99', 45, 16, 'C:\\Program Files'),
('00-1D-7D-88-5B-99', 45, 17, 'C:\\Windows\\system32\\WindowsPowerShell\\v1.0\\Modules\\'),
('00-1D-7D-88-5B-99', 45, 18, 'C:\\Users\\Public'),
('00-1D-7D-88-5B-99', 45, 19, 'C:'),
('00-1D-7D-88-5B-99', 45, 20, 'C:\\Windows'),
('00-1D-7D-88-5B-99', 45, 21, 'C:\\Windows\\TEMP'),
('00-1D-7D-88-5B-99', 45, 22, 'C:\\Windows\\TEMP'),
('00-1D-7D-88-5B-99', 45, 23, 'WORKGROUP'),
('00-1D-7D-88-5B-99', 45, 24, 'PC$'),
('00-1D-7D-88-5B-99', 45, 25, 'C:\\Windows\\system32\\config\\systemprofile'),
('00-1D-7D-88-5B-99', 45, 26, 'c:\\Program Files\\Microsoft Visual Studio 9.0\\Common7\\Tools\\'),
('00-1D-7D-88-5B-99', 45, 27, 'C:\\Windows');

INSERT INTO `versoes_softwares` (`id_so`, `te_node_address`, `te_versao_bde`, `te_versao_dao`, `te_versao_ado`, `te_versao_odbc`, `te_versao_directx`, `te_versao_acrobat_reader`, `te_versao_ie`, `te_versao_mozilla`, `te_versao_jre`) VALUES
(45, '00-1D-7D-88-5B-99', '5.2.0.2', '3.6', '6.1', '6.1.7600.16385', 409, '9.0', '8.0.7600.16385', '1.9.2.15', '1.6');